observationAbout,observationDate,value,variableMeasured,observationPeriod
dcid:country/USA,2023-01,299000,dcid:Count_BirthEvent_LiveBirth,P1M
dcid:country/USA,2023-02,299000,dcid:Count_BirthEvent_LiveBirth,P1M
dcid:country/USA,2023-03,299000,dcid:Count_BirthEvent_LiveBirth,P1M
dcid:country/USA,2023-04,299000,dcid:Count_BirthEvent_LiveBirth,P1M
dcid:country/USA,2023-05,299000,dcid:Count_BirthEvent_LiveBirth,P1M
dcid:country/USA,2023-06,299000,dcid:Count_BirthEvent_LiveBirth,P1M
dcid:country/USA,2023-07,299000,dcid:Count_BirthEvent_LiveBirth,P1M
dcid:country/USA,2023-08,299000,dcid:Count_BirthEvent_LiveBirth,P1M
dcid:country/USA,2023-09,299000,dcid:Count_BirthEvent_LiveBirth,P1M
dcid:country/USA,2023-10,299000,dcid:Count_BirthEvent_LiveBirth,P1M
dcid:country/USA,2023-11,299000,dcid:Count_BirthEvent_LiveBirth,P1M
dcid:country/USA,2023-12,299000,dcid:Count_BirthEvent_LiveBirth,P1M
dcid:country/USA,2024-01,299000,dcid:Count_BirthEvent_LiveBirth,P1M
dcid:country/USA,2024-02,299000,dcid:Count_BirthEvent_LiveBirth,P1M
dcid:country/USA,2024-03,299000,dcid:Count_BirthEvent_LiveBirth,P1M
dcid:country/USA,2024-04,299000,dcid:Count_BirthEvent_LiveBirth,P1M
dcid:country/USA,2024-05,299000,dcid:Count_BirthEvent_LiveBirth,P1M
dcid:country/USA,2024-06,299000,dcid:Count_BirthEvent_LiveBirth,P1M
dcid:country/USA,2024-07,299000,dcid:Count_BirthEvent_LiveBirth,P1M
dcid:country/USA,2024-08,299000,dcid:Count_BirthEvent_LiveBirth,P1M
dcid:country/USA,2024-09,299000,dcid:Count_BirthEvent_LiveBirth,P1M
dcid:country/USA,2024-10,299000,dcid:Count_BirthEvent_LiveBirth,P1M
dcid:country/USA,2024-11,299000,dcid:Count_BirthEvent_LiveBirth,P1M
dcid:country/USA,2024-12,299000,dcid:Count_BirthEvent_LiveBirth,P1M
dcid:country/USA,2025-01,299000,dcid:Count_BirthEvent_LiveBirth,P1M
dcid:country/USA,2025-02,299000,dcid:Count_BirthEvent_LiveBirth,P1M
dcid:country/USA,2025-03,299000,dcid:Count_BirthEvent_LiveBirth,P1M
dcid:country/USA,2025-04,299000,dcid:Count_BirthEvent_LiveBirth,P1M
dcid:country/USA,2025-05,299000,dcid:Count_BirthEvent_LiveBirth,P1M
dcid:country/USA,2025-06,299000,dcid:Count_BirthEvent_LiveBirth,P1M
dcid:country/USA,2025-07,299000,dcid:Count_BirthEvent_LiveBirth,P1M
dcid:country/USA,2025-08,299000,dcid:Count_BirthEvent_LiveBirth,P1M
dcid:country/USA,2025-09,299000,dcid:Count_BirthEvent_LiveBirth,P1M
dcid:country/USA,2025-10,299000,dcid:Count_BirthEvent_LiveBirth,P1M
dcid:country/USA,2025-11,299000,dcid:Count_BirthEvent_LiveBirth,P1M
dcid:country/USA,2025-12,299000,dcid:Count_BirthEvent_LiveBirth,P1M
dcid:country/USA,2026-01,299000,dcid:Count_BirthEvent_LiveBirth,P1M
dcid:country/USA,2026-02,299000,dcid:Count_BirthEvent_LiveBirth,P1M
dcid:country/USA,2026-03,299000,dcid:Count_BirthEvent_LiveBirth,P1M
dcid:country/USA,2026-04,299000,dcid:Count_BirthEvent_LiveBirth,P1M
dcid:country/USA,2026-05,299000,dcid:Count_BirthEvent_LiveBirth,P1M
dcid:country/USA,2026-06,299000,dcid:Count_BirthEvent_LiveBirth,P1M
dcid:country/USA,2026-07,299000,dcid:Count_BirthEvent_LiveBirth,P1M
dcid:country/USA,2026-08,299000,dcid:Count_BirthEvent_LiveBirth,P1M
dcid:country/USA,2026-09,299000,dcid:Count_BirthEvent_LiveBirth,P1M
dcid:country/USA,2026-10,299000,dcid:Count_BirthEvent_LiveBirth,P1M
dcid:country/USA,2026-11,299000,dcid:Count_BirthEvent_LiveBirth,P1M
dcid:country/USA,2026-12,299000,dcid:Count_BirthEvent_LiveBirth,P1M
dcid:country/USA,2027-01,299000,dcid:Count_BirthEvent_LiveBirth,P1M
dcid:country/USA,2027-02,299000,dcid:Count_BirthEvent_LiveBirth,P1M
dcid:country/USA,2027-03,299000,dcid:Count_BirthEvent_LiveBirth,P1M
dcid:country/USA,2027-04,299000,dcid:Count_BirthEvent_LiveBirth,P1M
dcid:country/USA,2027-05,299000,dcid:Count_BirthEvent_LiveBirth,P1M
dcid:country/USA,2027-06,299000,dcid:Count_BirthEvent_LiveBirth,P1M
dcid:country/USA,2027-07,299000,dcid:Count_BirthEvent_LiveBirth,P1M
dcid:country/USA,2027-08,299000,dcid:Count_BirthEvent_LiveBirth,P1M
dcid:country/USA,2027-09,299000,dcid:Count_BirthEvent_LiveBirth,P1M
dcid:country/USA,2027-10,299000,dcid:Count_BirthEvent_LiveBirth,P1M
dcid:country/USA,2027-11,299000,dcid:Count_BirthEvent_LiveBirth,P1M
dcid:country/USA,2027-12,299000,dcid:Count_BirthEvent_LiveBirth,P1M
dcid:country/USA,2028-01,299000,dcid:Count_BirthEvent_LiveBirth,P1M
dcid:country/USA,2028-02,299000,dcid:Count_BirthEvent_LiveBirth,P1M
dcid:country/USA,2028-03,299000,dcid:Count_BirthEvent_LiveBirth,P1M
dcid:country/USA,2028-04,299000,dcid:Count_BirthEvent_LiveBirth,P1M
dcid:country/USA,2028-05,299000,dcid:Count_BirthEvent_LiveBirth,P1M
dcid:country/USA,2028-06,299000,dcid:Count_BirthEvent_LiveBirth,P1M
dcid:country/USA,2028-07,299000,dcid:Count_BirthEvent_LiveBirth,P1M
dcid:country/USA,2028-08,299000,dcid:Count_BirthEvent_LiveBirth,P1M
dcid:country/USA,2028-09,299000,dcid:Count_BirthEvent_LiveBirth,P1M
dcid:country/USA,2028-10,299000,dcid:Count_BirthEvent_LiveBirth,P1M
dcid:country/USA,2028-11,299000,dcid:Count_BirthEvent_LiveBirth,P1M
dcid:country/USA,2028-12,299000,dcid:Count_BirthEvent_LiveBirth,P1M
dcid:country/USA,2029-01,299000,dcid:Count_BirthEvent_LiveBirth,P1M
dcid:country/USA,2029-02,299000,dcid:Count_BirthEvent_LiveBirth,P1M
dcid:country/USA,2029-03,299000,dcid:Count_BirthEvent_LiveBirth,P1M
dcid:country/USA,2029-04,299000,dcid:Count_BirthEvent_LiveBirth,P1M
dcid:country/USA,2029-05,299000,dcid:Count_BirthEvent_LiveBirth,P1M
dcid:country/USA,2029-06,299000,dcid:Count_BirthEvent_LiveBirth,P1M
dcid:country/USA,2029-07,299000,dcid:Count_BirthEvent_LiveBirth,P1M
dcid:country/USA,2029-08,299000,dcid:Count_BirthEvent_LiveBirth,P1M
dcid:country/USA,2029-09,299000,dcid:Count_BirthEvent_LiveBirth,P1M
dcid:country/USA,2029-10,299000,dcid:Count_BirthEvent_LiveBirth,P1M
dcid:country/USA,2029-11,299000,dcid:Count_BirthEvent_LiveBirth,P1M
dcid:country/USA,2029-12,299000,dcid:Count_BirthEvent_LiveBirth,P1M
dcid:country/USA,2030-01,299000,dcid:Count_BirthEvent_LiveBirth,P1M
dcid:country/USA,2030-02,299000,dcid:Count_BirthEvent_LiveBirth,P1M
dcid:country/USA,2030-03,299000,dcid:Count_BirthEvent_LiveBirth,P1M
dcid:country/USA,2030-04,299000,dcid:Count_BirthEvent_LiveBirth,P1M
dcid:country/USA,2030-05,299000,dcid:Count_BirthEvent_LiveBirth,P1M
dcid:country/USA,2030-06,299000,dcid:Count_BirthEvent_LiveBirth,P1M
dcid:country/USA,2030-07,299000,dcid:Count_BirthEvent_LiveBirth,P1M
dcid:country/USA,2030-08,299000,dcid:Count_BirthEvent_LiveBirth,P1M
dcid:country/USA,2030-09,299000,dcid:Count_BirthEvent_LiveBirth,P1M
dcid:country/USA,2030-10,299000,dcid:Count_BirthEvent_LiveBirth,P1M
dcid:country/USA,2030-11,299000,dcid:Count_BirthEvent_LiveBirth,P1M
dcid:country/USA,2030-12,299000,dcid:Count_BirthEvent_LiveBirth,P1M
dcid:country/USA,2031-01,299000,dcid:Count_BirthEvent_LiveBirth,P1M
dcid:country/USA,2031-02,299000,dcid:Count_BirthEvent_LiveBirth,P1M
dcid:country/USA,2031-03,299000,dcid:Count_BirthEvent_LiveBirth,P1M
dcid:country/USA,2031-04,299000,dcid:Count_BirthEvent_LiveBirth,P1M
dcid:country/USA,2031-05,299000,dcid:Count_BirthEvent_LiveBirth,P1M
dcid:country/USA,2031-06,299000,dcid:Count_BirthEvent_LiveBirth,P1M
dcid:country/USA,2031-07,299000,dcid:Count_BirthEvent_LiveBirth,P1M
dcid:country/USA,2031-08,299000,dcid:Count_BirthEvent_LiveBirth,P1M
dcid:country/USA,2031-09,299000,dcid:Count_BirthEvent_LiveBirth,P1M
dcid:country/USA,2031-10,299000,dcid:Count_BirthEvent_LiveBirth,P1M
dcid:country/USA,2031-11,299000,dcid:Count_BirthEvent_LiveBirth,P1M
dcid:country/USA,2031-12,299000,dcid:Count_BirthEvent_LiveBirth,P1M
dcid:country/USA,2032-01,299000,dcid:Count_BirthEvent_LiveBirth,P1M
dcid:country/USA,2032-02,299000,dcid:Count_BirthEvent_LiveBirth,P1M
dcid:country/USA,2032-03,299000,dcid:Count_BirthEvent_LiveBirth,P1M
dcid:country/USA,2032-04,299000,dcid:Count_BirthEvent_LiveBirth,P1M
dcid:country/USA,2032-05,299000,dcid:Count_BirthEvent_LiveBirth,P1M
dcid:country/USA,2032-06,299000,dcid:Count_BirthEvent_LiveBirth,P1M
dcid:country/USA,2032-07,299000,dcid:Count_BirthEvent_LiveBirth,P1M
dcid:country/USA,2032-08,299000,dcid:Count_BirthEvent_LiveBirth,P1M
dcid:country/USA,2032-09,299000,dcid:Count_BirthEvent_LiveBirth,P1M
dcid:country/USA,2032-10,299000,dcid:Count_BirthEvent_LiveBirth,P1M
dcid:country/USA,2032-11,299000,dcid:Count_BirthEvent_LiveBirth,P1M
dcid:country/USA,2032-12,299000,dcid:Count_BirthEvent_LiveBirth,P1M
dcid:country/USA,2033-01,299000,dcid:Count_BirthEvent_LiveBirth,P1M
dcid:country/USA,2033-02,299000,dcid:Count_BirthEvent_LiveBirth,P1M
dcid:country/USA,2033-03,299000,dcid:Count_BirthEvent_LiveBirth,P1M
dcid:country/USA,2033-04,299000,dcid:Count_BirthEvent_LiveBirth,P1M
dcid:country/USA,2033-05,299000,dcid:Count_BirthEvent_LiveBirth,P1M
dcid:country/USA,2033-06,299000,dcid:Count_BirthEvent_LiveBirth,P1M
dcid:country/USA,2033-07,299000,dcid:Count_BirthEvent_LiveBirth,P1M
dcid:country/USA,2033-08,299000,dcid:Count_BirthEvent_LiveBirth,P1M
dcid:country/USA,2033-09,299000,dcid:Count_BirthEvent_LiveBirth,P1M
dcid:country/USA,2033-10,299000,dcid:Count_BirthEvent_LiveBirth,P1M
dcid:country/USA,2033-11,299000,dcid:Count_BirthEvent_LiveBirth,P1M
dcid:country/USA,2033-12,299000,dcid:Count_BirthEvent_LiveBirth,P1M
dcid:country/USA,2034-01,299000,dcid:Count_BirthEvent_LiveBirth,P1M
dcid:country/USA,2034-02,299000,dcid:Count_BirthEvent_LiveBirth,P1M
dcid:country/USA,2034-03,299000,dcid:Count_BirthEvent_LiveBirth,P1M
dcid:country/USA,2034-04,299000,dcid:Count_BirthEvent_LiveBirth,P1M
dcid:country/USA,2034-05,299000,dcid:Count_BirthEvent_LiveBirth,P1M
dcid:country/USA,2034-06,299000,dcid:Count_BirthEvent_LiveBirth,P1M
dcid:country/USA,2034-07,299000,dcid:Count_BirthEvent_LiveBirth,P1M
dcid:country/USA,2034-08,299000,dcid:Count_BirthEvent_LiveBirth,P1M
dcid:country/USA,2034-09,299000,dcid:Count_BirthEvent_LiveBirth,P1M
dcid:country/USA,2034-10,299000,dcid:Count_BirthEvent_LiveBirth,P1M
dcid:country/USA,2034-11,299000,dcid:Count_BirthEvent_LiveBirth,P1M
dcid:country/USA,2034-12,299000,dcid:Count_BirthEvent_LiveBirth,P1M
dcid:country/USA,2035-01,299000,dcid:Count_BirthEvent_LiveBirth,P1M
dcid:country/USA,2035-02,299000,dcid:Count_BirthEvent_LiveBirth,P1M
dcid:country/USA,2035-03,299000,dcid:Count_BirthEvent_LiveBirth,P1M
dcid:country/USA,2035-04,299000,dcid:Count_BirthEvent_LiveBirth,P1M
dcid:country/USA,2035-05,299000,dcid:Count_BirthEvent_LiveBirth,P1M
dcid:country/USA,2035-06,299000,dcid:Count_BirthEvent_LiveBirth,P1M
dcid:country/USA,2035-07,299000,dcid:Count_BirthEvent_LiveBirth,P1M
dcid:country/USA,2035-08,299000,dcid:Count_BirthEvent_LiveBirth,P1M
dcid:country/USA,2035-09,299000,dcid:Count_BirthEvent_LiveBirth,P1M
dcid:country/USA,2035-10,299000,dcid:Count_BirthEvent_LiveBirth,P1M
dcid:country/USA,2035-11,299000,dcid:Count_BirthEvent_LiveBirth,P1M
dcid:country/USA,2035-12,299000,dcid:Count_BirthEvent_LiveBirth,P1M
dcid:country/USA,2036-01,299000,dcid:Count_BirthEvent_LiveBirth,P1M
dcid:country/USA,2036-02,299000,dcid:Count_BirthEvent_LiveBirth,P1M
dcid:country/USA,2036-03,299000,dcid:Count_BirthEvent_LiveBirth,P1M
dcid:country/USA,2036-04,299000,dcid:Count_BirthEvent_LiveBirth,P1M
dcid:country/USA,2036-05,299000,dcid:Count_BirthEvent_LiveBirth,P1M
dcid:country/USA,2036-06,299000,dcid:Count_BirthEvent_LiveBirth,P1M
dcid:country/USA,2036-07,299000,dcid:Count_BirthEvent_LiveBirth,P1M
dcid:country/USA,2036-08,299000,dcid:Count_BirthEvent_LiveBirth,P1M
dcid:country/USA,2036-09,299000,dcid:Count_BirthEvent_LiveBirth,P1M
dcid:country/USA,2036-10,299000,dcid:Count_BirthEvent_LiveBirth,P1M
dcid:country/USA,2036-11,299000,dcid:Count_BirthEvent_LiveBirth,P1M
dcid:country/USA,2036-12,299000,dcid:Count_BirthEvent_LiveBirth,P1M
dcid:country/USA,2037-01,299000,dcid:Count_BirthEvent_LiveBirth,P1M
dcid:country/USA,2037-02,299000,dcid:Count_BirthEvent_LiveBirth,P1M
dcid:country/USA,2037-03,299000,dcid:Count_BirthEvent_LiveBirth,P1M
dcid:country/USA,2037-04,299000,dcid:Count_BirthEvent_LiveBirth,P1M
dcid:country/USA,2037-05,299000,dcid:Count_BirthEvent_LiveBirth,P1M
dcid:country/USA,2037-06,299000,dcid:Count_BirthEvent_LiveBirth,P1M
dcid:country/USA,2037-07,299000,dcid:Count_BirthEvent_LiveBirth,P1M
dcid:country/USA,2037-08,299000,dcid:Count_BirthEvent_LiveBirth,P1M
dcid:country/USA,2037-09,299000,dcid:Count_BirthEvent_LiveBirth,P1M
dcid:country/USA,2037-10,299000,dcid:Count_BirthEvent_LiveBirth,P1M
dcid:country/USA,2037-11,299000,dcid:Count_BirthEvent_LiveBirth,P1M
dcid:country/USA,2037-12,299000,dcid:Count_BirthEvent_LiveBirth,P1M
dcid:country/USA,2038-01,299000,dcid:Count_BirthEvent_LiveBirth,P1M
dcid:country/USA,2038-02,299000,dcid:Count_BirthEvent_LiveBirth,P1M
dcid:country/USA,2038-03,299000,dcid:Count_BirthEvent_LiveBirth,P1M
dcid:country/USA,2038-04,299000,dcid:Count_BirthEvent_LiveBirth,P1M
dcid:country/USA,2038-05,299000,dcid:Count_BirthEvent_LiveBirth,P1M
dcid:country/USA,2038-06,299000,dcid:Count_BirthEvent_LiveBirth,P1M
dcid:country/USA,2038-07,299000,dcid:Count_BirthEvent_LiveBirth,P1M
dcid:country/USA,2038-08,299000,dcid:Count_BirthEvent_LiveBirth,P1M
dcid:country/USA,2038-09,299000,dcid:Count_BirthEvent_LiveBirth,P1M
dcid:country/USA,2038-10,299000,dcid:Count_BirthEvent_LiveBirth,P1M
dcid:country/USA,2038-11,299000,dcid:Count_BirthEvent_LiveBirth,P1M
dcid:country/USA,2038-12,299000,dcid:Count_BirthEvent_LiveBirth,P1M
dcid:country/USA,2039-01,299000,dcid:Count_BirthEvent_LiveBirth,P1M
dcid:country/USA,2039-02,299000,dcid:Count_BirthEvent_LiveBirth,P1M
dcid:country/USA,2039-03,299000,dcid:Count_BirthEvent_LiveBirth,P1M
dcid:country/USA,2039-04,299000,dcid:Count_BirthEvent_LiveBirth,P1M
dcid:country/USA,2039-05,299000,dcid:Count_BirthEvent_LiveBirth,P1M
dcid:country/USA,2039-06,299000,dcid:Count_BirthEvent_LiveBirth,P1M
dcid:country/USA,2039-07,299000,dcid:Count_BirthEvent_LiveBirth,P1M
dcid:country/USA,2039-08,299000,dcid:Count_BirthEvent_LiveBirth,P1M
dcid:country/USA,2039-09,299000,dcid:Count_BirthEvent_LiveBirth,P1M
dcid:country/USA,2039-10,299000,dcid:Count_BirthEvent_LiveBirth,P1M
dcid:country/USA,2039-11,299000,dcid:Count_BirthEvent_LiveBirth,P1M
dcid:country/USA,2039-12,299000,dcid:Count_BirthEvent_LiveBirth,P1M
dcid:country/USA,2040-01,299000,dcid:Count_BirthEvent_LiveBirth,P1M
dcid:country/USA,2040-02,299000,dcid:Count_BirthEvent_LiveBirth,P1M
dcid:country/USA,2040-03,299000,dcid:Count_BirthEvent_LiveBirth,P1M
dcid:country/USA,2040-04,299000,dcid:Count_BirthEvent_LiveBirth,P1M
dcid:country/USA,2040-05,299000,dcid:Count_BirthEvent_LiveBirth,P1M
dcid:country/USA,2040-06,299000,dcid:Count_BirthEvent_LiveBirth,P1M
dcid:country/USA,2040-07,299000,dcid:Count_BirthEvent_LiveBirth,P1M
dcid:country/USA,2040-08,299000,dcid:Count_BirthEvent_LiveBirth,P1M
dcid:country/USA,2040-09,299000,dcid:Count_BirthEvent_LiveBirth,P1M
dcid:country/USA,2040-10,299000,dcid:Count_BirthEvent_LiveBirth,P1M
dcid:country/USA,2040-11,299000,dcid:Count_BirthEvent_LiveBirth,P1M
dcid:country/USA,2040-12,299000,dcid:Count_BirthEvent_LiveBirth,P1M
dcid:country/USA,2041-01,299000,dcid:Count_BirthEvent_LiveBirth,P1M
dcid:country/USA,2041-02,299000,dcid:Count_BirthEvent_LiveBirth,P1M
dcid:country/USA,2041-03,299000,dcid:Count_BirthEvent_LiveBirth,P1M
dcid:country/USA,2041-04,299000,dcid:Count_BirthEvent_LiveBirth,P1M
dcid:country/USA,2041-05,299000,dcid:Count_BirthEvent_LiveBirth,P1M
dcid:country/USA,2041-06,299000,dcid:Count_BirthEvent_LiveBirth,P1M
dcid:country/USA,2041-07,299000,dcid:Count_BirthEvent_LiveBirth,P1M
dcid:country/USA,2041-08,299000,dcid:Count_BirthEvent_LiveBirth,P1M
dcid:country/USA,2041-09,299000,dcid:Count_BirthEvent_LiveBirth,P1M
dcid:country/USA,2041-10,299000,dcid:Count_BirthEvent_LiveBirth,P1M
dcid:country/USA,2041-11,299000,dcid:Count_BirthEvent_LiveBirth,P1M
dcid:country/USA,2041-12,299000,dcid:Count_BirthEvent_LiveBirth,P1M
dcid:country/USA,2042-01,299000,dcid:Count_BirthEvent_LiveBirth,P1M
dcid:country/USA,2042-02,299000,dcid:Count_BirthEvent_LiveBirth,P1M
dcid:country/USA,2042-03,299000,dcid:Count_BirthEvent_LiveBirth,P1M
dcid:country/USA,2042-04,299000,dcid:Count_BirthEvent_LiveBirth,P1M
dcid:country/USA,2042-05,299000,dcid:Count_BirthEvent_LiveBirth,P1M
dcid:country/USA,2042-06,299000,dcid:Count_BirthEvent_LiveBirth,P1M
dcid:country/USA,2042-07,299000,dcid:Count_BirthEvent_LiveBirth,P1M
dcid:country/USA,2042-08,299000,dcid:Count_BirthEvent_LiveBirth,P1M
dcid:country/USA,2042-09,299000,dcid:Count_BirthEvent_LiveBirth,P1M
dcid:country/USA,2042-10,299000,dcid:Count_BirthEvent_LiveBirth,P1M
dcid:country/USA,2042-11,299000,dcid:Count_BirthEvent_LiveBirth,P1M
dcid:country/USA,2042-12,299000,dcid:Count_BirthEvent_LiveBirth,P1M
dcid:country/USA,2043-01,299000,dcid:Count_BirthEvent_LiveBirth,P1M
dcid:country/USA,2043-02,299000,dcid:Count_BirthEvent_LiveBirth,P1M
dcid:country/USA,2043-03,299000,dcid:Count_BirthEvent_LiveBirth,P1M
dcid:country/USA,2043-04,299000,dcid:Count_BirthEvent_LiveBirth,P1M
dcid:country/USA,2043-05,299000,dcid:Count_BirthEvent_LiveBirth,P1M
dcid:country/USA,2043-06,299000,dcid:Count_BirthEvent_LiveBirth,P1M
dcid:country/USA,2043-07,299000,dcid:Count_BirthEvent_LiveBirth,P1M
dcid:country/USA,2043-08,299000,dcid:Count_BirthEvent_LiveBirth,P1M
dcid:country/USA,2043-09,299000,dcid:Count_BirthEvent_LiveBirth,P1M
dcid:country/USA,2043-10,299000,dcid:Count_BirthEvent_LiveBirth,P1M
dcid:country/USA,2043-11,299000,dcid:Count_BirthEvent_LiveBirth,P1M
dcid:country/USA,2043-12,299000,dcid:Count_BirthEvent_LiveBirth,P1M
dcid:country/USA,2044-01,299000,dcid:Count_BirthEvent_LiveBirth,P1M
dcid:country/USA,2044-02,299000,dcid:Count_BirthEvent_LiveBirth,P1M
dcid:country/USA,2044-03,299000,dcid:Count_BirthEvent_LiveBirth,P1M
dcid:country/USA,2044-04,299000,dcid:Count_BirthEvent_LiveBirth,P1M
dcid:country/USA,2044-05,299000,dcid:Count_BirthEvent_LiveBirth,P1M
dcid:country/USA,2044-06,299000,dcid:Count_BirthEvent_LiveBirth,P1M
dcid:country/USA,2044-07,299000,dcid:Count_BirthEvent_LiveBirth,P1M
dcid:country/USA,2044-08,299000,dcid:Count_BirthEvent_LiveBirth,P1M
dcid:country/USA,2044-09,299000,dcid:Count_BirthEvent_LiveBirth,P1M
dcid:country/USA,2044-10,299000,dcid:Count_BirthEvent_LiveBirth,P1M
dcid:country/USA,2044-11,299000,dcid:Count_BirthEvent_LiveBirth,P1M
dcid:country/USA,2044-12,299000,dcid:Count_BirthEvent_LiveBirth,P1M
dcid:country/USA,2045-01,299000,dcid:Count_BirthEvent_LiveBirth,P1M
dcid:country/USA,2045-02,299000,dcid:Count_BirthEvent_LiveBirth,P1M
dcid:country/USA,2045-03,299000,dcid:Count_BirthEvent_LiveBirth,P1M
dcid:country/USA,2045-04,299000,dcid:Count_BirthEvent_LiveBirth,P1M
dcid:country/USA,2045-05,299000,dcid:Count_BirthEvent_LiveBirth,P1M
dcid:country/USA,2045-06,299000,dcid:Count_BirthEvent_LiveBirth,P1M
dcid:country/USA,2045-07,299000,dcid:Count_BirthEvent_LiveBirth,P1M
dcid:country/USA,2045-08,299000,dcid:Count_BirthEvent_LiveBirth,P1M
dcid:country/USA,2045-09,299000,dcid:Count_BirthEvent_LiveBirth,P1M
dcid:country/USA,2045-10,299000,dcid:Count_BirthEvent_LiveBirth,P1M
dcid:country/USA,2045-11,299000,dcid:Count_BirthEvent_LiveBirth,P1M
dcid:country/USA,2045-12,299000,dcid:Count_BirthEvent_LiveBirth,P1M
dcid:country/USA,2046-01,299000,dcid:Count_BirthEvent_LiveBirth,P1M
dcid:country/USA,2046-02,299000,dcid:Count_BirthEvent_LiveBirth,P1M
dcid:country/USA,2046-03,299000,dcid:Count_BirthEvent_LiveBirth,P1M
dcid:country/USA,2046-04,299000,dcid:Count_BirthEvent_LiveBirth,P1M
dcid:country/USA,2046-05,299000,dcid:Count_BirthEvent_LiveBirth,P1M
dcid:country/USA,2046-06,299000,dcid:Count_BirthEvent_LiveBirth,P1M
dcid:country/USA,2046-07,299000,dcid:Count_BirthEvent_LiveBirth,P1M
dcid:country/USA,2046-08,299000,dcid:Count_BirthEvent_LiveBirth,P1M
dcid:country/USA,2046-09,299000,dcid:Count_BirthEvent_LiveBirth,P1M
dcid:country/USA,2046-10,299000,dcid:Count_BirthEvent_LiveBirth,P1M
dcid:country/USA,2046-11,299000,dcid:Count_BirthEvent_LiveBirth,P1M
dcid:country/USA,2046-12,299000,dcid:Count_BirthEvent_LiveBirth,P1M
dcid:country/USA,2047-01,299000,dcid:Count_BirthEvent_LiveBirth,P1M
dcid:country/USA,2047-02,299000,dcid:Count_BirthEvent_LiveBirth,P1M
dcid:country/USA,2047-03,299000,dcid:Count_BirthEvent_LiveBirth,P1M
dcid:country/USA,2047-04,299000,dcid:Count_BirthEvent_LiveBirth,P1M
dcid:country/USA,2047-05,299000,dcid:Count_BirthEvent_LiveBirth,P1M
dcid:country/USA,2047-06,299000,dcid:Count_BirthEvent_LiveBirth,P1M
dcid:country/USA,2047-07,299000,dcid:Count_BirthEvent_LiveBirth,P1M
dcid:country/USA,2047-08,299000,dcid:Count_BirthEvent_LiveBirth,P1M
dcid:country/USA,2047-09,299000,dcid:Count_BirthEvent_LiveBirth,P1M
dcid:country/USA,2047-10,299000,dcid:Count_BirthEvent_LiveBirth,P1M
dcid:country/USA,2047-11,299000,dcid:Count_BirthEvent_LiveBirth,P1M
dcid:country/USA,2047-12,299000,dcid:Count_BirthEvent_LiveBirth,P1M
dcid:country/USA,2048-01,299000,dcid:Count_BirthEvent_LiveBirth,P1M
dcid:country/USA,2048-02,299000,dcid:Count_BirthEvent_LiveBirth,P1M
dcid:country/USA,2048-03,299000,dcid:Count_BirthEvent_LiveBirth,P1M
dcid:country/USA,2048-04,299000,dcid:Count_BirthEvent_LiveBirth,P1M
dcid:country/USA,2048-05,299000,dcid:Count_BirthEvent_LiveBirth,P1M
dcid:country/USA,2048-06,299000,dcid:Count_BirthEvent_LiveBirth,P1M
dcid:country/USA,2048-07,299000,dcid:Count_BirthEvent_LiveBirth,P1M
dcid:country/USA,2048-08,299000,dcid:Count_BirthEvent_LiveBirth,P1M
dcid:country/USA,2048-09,299000,dcid:Count_BirthEvent_LiveBirth,P1M
dcid:country/USA,2048-10,299000,dcid:Count_BirthEvent_LiveBirth,P1M
dcid:country/USA,2048-11,299000,dcid:Count_BirthEvent_LiveBirth,P1M
dcid:country/USA,2048-12,299000,dcid:Count_BirthEvent_LiveBirth,P1M
dcid:country/USA,2049-01,299000,dcid:Count_BirthEvent_LiveBirth,P1M
dcid:country/USA,2049-02,299000,dcid:Count_BirthEvent_LiveBirth,P1M
dcid:country/USA,2049-03,299000,dcid:Count_BirthEvent_LiveBirth,P1M
dcid:country/USA,2049-04,299000,dcid:Count_BirthEvent_LiveBirth,P1M
dcid:country/USA,2049-05,299000,dcid:Count_BirthEvent_LiveBirth,P1M
dcid:country/USA,2049-06,299000,dcid:Count_BirthEvent_LiveBirth,P1M
dcid:country/USA,2049-07,299000,dcid:Count_BirthEvent_LiveBirth,P1M
dcid:country/USA,2049-08,299000,dcid:Count_BirthEvent_LiveBirth,P1M
dcid:country/USA,2049-09,299000,dcid:Count_BirthEvent_LiveBirth,P1M
dcid:country/USA,2049-10,299000,dcid:Count_BirthEvent_LiveBirth,P1M
dcid:country/USA,2049-11,299000,dcid:Count_BirthEvent_LiveBirth,P1M
dcid:country/USA,2049-12,299000,dcid:Count_BirthEvent_LiveBirth,P1M
dcid:country/USA,2050-01,299000,dcid:Count_BirthEvent_LiveBirth,P1M
dcid:country/USA,2050-02,299000,dcid:Count_BirthEvent_LiveBirth,P1M
dcid:country/USA,2050-03,299000,dcid:Count_BirthEvent_LiveBirth,P1M
dcid:country/USA,2050-04,299000,dcid:Count_BirthEvent_LiveBirth,P1M
dcid:country/USA,2050-05,299000,dcid:Count_BirthEvent_LiveBirth,P1M
dcid:country/USA,2050-06,299000,dcid:Count_BirthEvent_LiveBirth,P1M
dcid:country/USA,2050-07,299000,dcid:Count_BirthEvent_LiveBirth,P1M
dcid:country/USA,2050-08,299000,dcid:Count_BirthEvent_LiveBirth,P1M
dcid:country/USA,2050-09,299000,dcid:Count_BirthEvent_LiveBirth,P1M
dcid:country/USA,2050-10,299000,dcid:Count_BirthEvent_LiveBirth,P1M
dcid:country/USA,2050-11,299000,dcid:Count_BirthEvent_LiveBirth,P1M
dcid:country/USA,2050-12,299000,dcid:Count_BirthEvent_LiveBirth,P1M
dcid:country/USA,2051-01,299000,dcid:Count_BirthEvent_LiveBirth,P1M
dcid:country/USA,2051-02,299000,dcid:Count_BirthEvent_LiveBirth,P1M
dcid:country/USA,2051-03,299000,dcid:Count_BirthEvent_LiveBirth,P1M
dcid:country/USA,2051-04,299000,dcid:Count_BirthEvent_LiveBirth,P1M
dcid:country/USA,2051-05,299000,dcid:Count_BirthEvent_LiveBirth,P1M
dcid:country/USA,2051-06,299000,dcid:Count_BirthEvent_LiveBirth,P1M
dcid:country/USA,2051-07,299000,dcid:Count_BirthEvent_LiveBirth,P1M
dcid:country/USA,2051-08,299000,dcid:Count_BirthEvent_LiveBirth,P1M
dcid:country/USA,2051-09,299000,dcid:Count_BirthEvent_LiveBirth,P1M
dcid:country/USA,2051-10,299000,dcid:Count_BirthEvent_LiveBirth,P1M
dcid:country/USA,2051-11,299000,dcid:Count_BirthEvent_LiveBirth,P1M
dcid:country/USA,2051-12,299000,dcid:Count_BirthEvent_LiveBirth,P1M
dcid:country/USA,2052-01,299000,dcid:Count_BirthEvent_LiveBirth,P1M
dcid:country/USA,2052-02,299000,dcid:Count_BirthEvent_LiveBirth,P1M
dcid:country/USA,2052-03,299000,dcid:Count_BirthEvent_LiveBirth,P1M
dcid:country/USA,2052-04,299000,dcid:Count_BirthEvent_LiveBirth,P1M
dcid:country/USA,2052-05,299000,dcid:Count_BirthEvent_LiveBirth,P1M
dcid:country/USA,2052-06,299000,dcid:Count_BirthEvent_LiveBirth,P1M
dcid:country/USA,2052-07,299000,dcid:Count_BirthEvent_LiveBirth,P1M
dcid:country/USA,2052-08,299000,dcid:Count_BirthEvent_LiveBirth,P1M
dcid:country/USA,2052-09,299000,dcid:Count_BirthEvent_LiveBirth,P1M
dcid:country/USA,2052-10,299000,dcid:Count_BirthEvent_LiveBirth,P1M
dcid:country/USA,2052-11,299000,dcid:Count_BirthEvent_LiveBirth,P1M
dcid:country/USA,2052-12,299000,dcid:Count_BirthEvent_LiveBirth,P1M
dcid:country/USA,2053-01,299000,dcid:Count_BirthEvent_LiveBirth,P1M
dcid:country/USA,2053-02,299000,dcid:Count_BirthEvent_LiveBirth,P1M
dcid:country/USA,2053-03,299000,dcid:Count_BirthEvent_LiveBirth,P1M
dcid:country/USA,2053-04,299000,dcid:Count_BirthEvent_LiveBirth,P1M
dcid:country/USA,2053-05,299000,dcid:Count_BirthEvent_LiveBirth,P1M
dcid:country/USA,2053-06,299000,dcid:Count_BirthEvent_LiveBirth,P1M
dcid:country/USA,2053-07,299000,dcid:Count_BirthEvent_LiveBirth,P1M
dcid:country/USA,2053-08,299000,dcid:Count_BirthEvent_LiveBirth,P1M
dcid:country/USA,2053-09,299000,dcid:Count_BirthEvent_LiveBirth,P1M
dcid:country/USA,2053-10,299000,dcid:Count_BirthEvent_LiveBirth,P1M
dcid:country/USA,2053-11,299000,dcid:Count_BirthEvent_LiveBirth,P1M
dcid:country/USA,2053-12,299000,dcid:Count_BirthEvent_LiveBirth,P1M
dcid:country/USA,2054-01,299000,dcid:Count_BirthEvent_LiveBirth,P1M
dcid:country/USA,2054-02,299000,dcid:Count_BirthEvent_LiveBirth,P1M
dcid:country/USA,2054-03,299000,dcid:Count_BirthEvent_LiveBirth,P1M
dcid:country/USA,2054-04,299000,dcid:Count_BirthEvent_LiveBirth,P1M
dcid:country/USA,2054-05,299000,dcid:Count_BirthEvent_LiveBirth,P1M
dcid:country/USA,2054-06,299000,dcid:Count_BirthEvent_LiveBirth,P1M
dcid:country/USA,2054-07,299000,dcid:Count_BirthEvent_LiveBirth,P1M
dcid:country/USA,2054-08,299000,dcid:Count_BirthEvent_LiveBirth,P1M
dcid:country/USA,2054-09,299000,dcid:Count_BirthEvent_LiveBirth,P1M
dcid:country/USA,2054-10,299000,dcid:Count_BirthEvent_LiveBirth,P1M
dcid:country/USA,2054-11,299000,dcid:Count_BirthEvent_LiveBirth,P1M
dcid:country/USA,2054-12,299000,dcid:Count_BirthEvent_LiveBirth,P1M
dcid:country/USA,2055-01,299000,dcid:Count_BirthEvent_LiveBirth,P1M
dcid:country/USA,2055-02,299000,dcid:Count_BirthEvent_LiveBirth,P1M
dcid:country/USA,2055-03,299000,dcid:Count_BirthEvent_LiveBirth,P1M
dcid:country/USA,2055-04,299000,dcid:Count_BirthEvent_LiveBirth,P1M
dcid:country/USA,2055-05,299000,dcid:Count_BirthEvent_LiveBirth,P1M
dcid:country/USA,2055-06,299000,dcid:Count_BirthEvent_LiveBirth,P1M
dcid:country/USA,2055-07,299000,dcid:Count_BirthEvent_LiveBirth,P1M
dcid:country/USA,2055-08,299000,dcid:Count_BirthEvent_LiveBirth,P1M
dcid:country/USA,2055-09,299000,dcid:Count_BirthEvent_LiveBirth,P1M
dcid:country/USA,2055-10,299000,dcid:Count_BirthEvent_LiveBirth,P1M
dcid:country/USA,2055-11,299000,dcid:Count_BirthEvent_LiveBirth,P1M
dcid:country/USA,2055-12,299000,dcid:Count_BirthEvent_LiveBirth,P1M
dcid:country/USA,2056-01,299000,dcid:Count_BirthEvent_LiveBirth,P1M
dcid:country/USA,2056-02,299000,dcid:Count_BirthEvent_LiveBirth,P1M
dcid:country/USA,2056-03,299000,dcid:Count_BirthEvent_LiveBirth,P1M
dcid:country/USA,2056-04,299000,dcid:Count_BirthEvent_LiveBirth,P1M
dcid:country/USA,2056-05,299000,dcid:Count_BirthEvent_LiveBirth,P1M
dcid:country/USA,2056-06,299000,dcid:Count_BirthEvent_LiveBirth,P1M
dcid:country/USA,2056-07,299000,dcid:Count_BirthEvent_LiveBirth,P1M
dcid:country/USA,2056-08,299000,dcid:Count_BirthEvent_LiveBirth,P1M
dcid:country/USA,2056-09,299000,dcid:Count_BirthEvent_LiveBirth,P1M
dcid:country/USA,2056-10,299000,dcid:Count_BirthEvent_LiveBirth,P1M
dcid:country/USA,2056-11,299000,dcid:Count_BirthEvent_LiveBirth,P1M
dcid:country/USA,2056-12,299000,dcid:Count_BirthEvent_LiveBirth,P1M
dcid:country/USA,2057-01,299000,dcid:Count_BirthEvent_LiveBirth,P1M
dcid:country/USA,2057-02,299000,dcid:Count_BirthEvent_LiveBirth,P1M
dcid:country/USA,2057-03,299000,dcid:Count_BirthEvent_LiveBirth,P1M
dcid:country/USA,2057-04,299000,dcid:Count_BirthEvent_LiveBirth,P1M
dcid:country/USA,2057-05,299000,dcid:Count_BirthEvent_LiveBirth,P1M
dcid:country/USA,2057-06,299000,dcid:Count_BirthEvent_LiveBirth,P1M
dcid:country/USA,2057-07,299000,dcid:Count_BirthEvent_LiveBirth,P1M
dcid:country/USA,2057-08,299000,dcid:Count_BirthEvent_LiveBirth,P1M
dcid:country/USA,2057-09,299000,dcid:Count_BirthEvent_LiveBirth,P1M
dcid:country/USA,2057-10,299000,dcid:Count_BirthEvent_LiveBirth,P1M
dcid:country/USA,2057-11,299000,dcid:Count_BirthEvent_LiveBirth,P1M
dcid:country/USA,2057-12,299000,dcid:Count_BirthEvent_LiveBirth,P1M
dcid:country/USA,2058-01,299000,dcid:Count_BirthEvent_LiveBirth,P1M
dcid:country/USA,2058-02,299000,dcid:Count_BirthEvent_LiveBirth,P1M
dcid:country/USA,2058-03,299000,dcid:Count_BirthEvent_LiveBirth,P1M
dcid:country/USA,2058-04,299000,dcid:Count_BirthEvent_LiveBirth,P1M
dcid:country/USA,2058-05,299000,dcid:Count_BirthEvent_LiveBirth,P1M
dcid:country/USA,2058-06,299000,dcid:Count_BirthEvent_LiveBirth,P1M
dcid:country/USA,2058-07,299000,dcid:Count_BirthEvent_LiveBirth,P1M
dcid:country/USA,2058-08,299000,dcid:Count_BirthEvent_LiveBirth,P1M
dcid:country/USA,2058-09,299000,dcid:Count_BirthEvent_LiveBirth,P1M
dcid:country/USA,2058-10,299000,dcid:Count_BirthEvent_LiveBirth,P1M
dcid:country/USA,2058-11,299000,dcid:Count_BirthEvent_LiveBirth,P1M
dcid:country/USA,2058-12,299000,dcid:Count_BirthEvent_LiveBirth,P1M
dcid:country/USA,2059-01,299000,dcid:Count_BirthEvent_LiveBirth,P1M
dcid:country/USA,2059-02,299000,dcid:Count_BirthEvent_LiveBirth,P1M
dcid:country/USA,2059-03,299000,dcid:Count_BirthEvent_LiveBirth,P1M
dcid:country/USA,2059-04,299000,dcid:Count_BirthEvent_LiveBirth,P1M
dcid:country/USA,2059-05,299000,dcid:Count_BirthEvent_LiveBirth,P1M
dcid:country/USA,2059-06,299000,dcid:Count_BirthEvent_LiveBirth,P1M
dcid:country/USA,2059-07,299000,dcid:Count_BirthEvent_LiveBirth,P1M
dcid:country/USA,2059-08,299000,dcid:Count_BirthEvent_LiveBirth,P1M
dcid:country/USA,2059-09,299000,dcid:Count_BirthEvent_LiveBirth,P1M
dcid:country/USA,2059-10,299000,dcid:Count_BirthEvent_LiveBirth,P1M
dcid:country/USA,2059-11,299000,dcid:Count_BirthEvent_LiveBirth,P1M
dcid:country/USA,2059-12,299000,dcid:Count_BirthEvent_LiveBirth,P1M
dcid:country/USA,2060-01,299000,dcid:Count_BirthEvent_LiveBirth,P1M
dcid:country/USA,2060-02,299000,dcid:Count_BirthEvent_LiveBirth,P1M
dcid:country/USA,2060-03,299000,dcid:Count_BirthEvent_LiveBirth,P1M
dcid:country/USA,2060-04,299000,dcid:Count_BirthEvent_LiveBirth,P1M
dcid:country/USA,2060-05,299000,dcid:Count_BirthEvent_LiveBirth,P1M
dcid:country/USA,2060-06,299000,dcid:Count_BirthEvent_LiveBirth,P1M
dcid:country/USA,2060-07,299000,dcid:Count_BirthEvent_LiveBirth,P1M
dcid:country/USA,2060-08,299000,dcid:Count_BirthEvent_LiveBirth,P1M
dcid:country/USA,2060-09,299000,dcid:Count_BirthEvent_LiveBirth,P1M
dcid:country/USA,2060-10,299000,dcid:Count_BirthEvent_LiveBirth,P1M
dcid:country/USA,2060-11,299000,dcid:Count_BirthEvent_LiveBirth,P1M
dcid:country/USA,2060-12,299000,dcid:Count_BirthEvent_LiveBirth,P1M
dcid:country/USA,2061-01,299000,dcid:Count_BirthEvent_LiveBirth,P1M
dcid:country/USA,2061-02,299000,dcid:Count_BirthEvent_LiveBirth,P1M
dcid:country/USA,2061-03,299000,dcid:Count_BirthEvent_LiveBirth,P1M
dcid:country/USA,2061-04,299000,dcid:Count_BirthEvent_LiveBirth,P1M
dcid:country/USA,2061-05,299000,dcid:Count_BirthEvent_LiveBirth,P1M
dcid:country/USA,2061-06,299000,dcid:Count_BirthEvent_LiveBirth,P1M
dcid:country/USA,2061-07,299000,dcid:Count_BirthEvent_LiveBirth,P1M
dcid:country/USA,2061-08,299000,dcid:Count_BirthEvent_LiveBirth,P1M
dcid:country/USA,2061-09,299000,dcid:Count_BirthEvent_LiveBirth,P1M
dcid:country/USA,2061-10,299000,dcid:Count_BirthEvent_LiveBirth,P1M
dcid:country/USA,2061-11,299000,dcid:Count_BirthEvent_LiveBirth,P1M
dcid:country/USA,2061-12,299000,dcid:Count_BirthEvent_LiveBirth,P1M
dcid:country/USA,2062-01,299000,dcid:Count_BirthEvent_LiveBirth,P1M
dcid:country/USA,2062-02,299000,dcid:Count_BirthEvent_LiveBirth,P1M
dcid:country/USA,2062-03,299000,dcid:Count_BirthEvent_LiveBirth,P1M
dcid:country/USA,2062-04,299000,dcid:Count_BirthEvent_LiveBirth,P1M
dcid:country/USA,2062-05,299000,dcid:Count_BirthEvent_LiveBirth,P1M
dcid:country/USA,2062-06,299000,dcid:Count_BirthEvent_LiveBirth,P1M
dcid:country/USA,2062-07,299000,dcid:Count_BirthEvent_LiveBirth,P1M
dcid:country/USA,2062-08,299000,dcid:Count_BirthEvent_LiveBirth,P1M
dcid:country/USA,2062-09,299000,dcid:Count_BirthEvent_LiveBirth,P1M
dcid:country/USA,2062-10,299000,dcid:Count_BirthEvent_LiveBirth,P1M
dcid:country/USA,2062-11,299000,dcid:Count_BirthEvent_LiveBirth,P1M
dcid:country/USA,2062-12,299000,dcid:Count_BirthEvent_LiveBirth,P1M
dcid:country/USA,2063-01,299000,dcid:Count_BirthEvent_LiveBirth,P1M
dcid:country/USA,2063-02,299000,dcid:Count_BirthEvent_LiveBirth,P1M
dcid:country/USA,2063-03,299000,dcid:Count_BirthEvent_LiveBirth,P1M
dcid:country/USA,2063-04,299000,dcid:Count_BirthEvent_LiveBirth,P1M
dcid:country/USA,2063-05,299000,dcid:Count_BirthEvent_LiveBirth,P1M
dcid:country/USA,2063-06,299000,dcid:Count_BirthEvent_LiveBirth,P1M
dcid:country/USA,2063-07,299000,dcid:Count_BirthEvent_LiveBirth,P1M
dcid:country/USA,2063-08,299000,dcid:Count_BirthEvent_LiveBirth,P1M
dcid:country/USA,2063-09,299000,dcid:Count_BirthEvent_LiveBirth,P1M
dcid:country/USA,2063-10,299000,dcid:Count_BirthEvent_LiveBirth,P1M
dcid:country/USA,2063-11,299000,dcid:Count_BirthEvent_LiveBirth,P1M
dcid:country/USA,2063-12,299000,dcid:Count_BirthEvent_LiveBirth,P1M
dcid:country/USA,2064-01,299000,dcid:Count_BirthEvent_LiveBirth,P1M
dcid:country/USA,2064-02,299000,dcid:Count_BirthEvent_LiveBirth,P1M
dcid:country/USA,2064-03,299000,dcid:Count_BirthEvent_LiveBirth,P1M
dcid:country/USA,2064-04,299000,dcid:Count_BirthEvent_LiveBirth,P1M
dcid:country/USA,2064-05,299000,dcid:Count_BirthEvent_LiveBirth,P1M
dcid:country/USA,2064-06,299000,dcid:Count_BirthEvent_LiveBirth,P1M
dcid:country/USA,2064-07,299000,dcid:Count_BirthEvent_LiveBirth,P1M
dcid:country/USA,2064-08,299000,dcid:Count_BirthEvent_LiveBirth,P1M
dcid:country/USA,2064-09,299000,dcid:Count_BirthEvent_LiveBirth,P1M
dcid:country/USA,2064-10,299000,dcid:Count_BirthEvent_LiveBirth,P1M
dcid:country/USA,2064-11,299000,dcid:Count_BirthEvent_LiveBirth,P1M
dcid:country/USA,2064-12,299000,dcid:Count_BirthEvent_LiveBirth,P1M
dcid:country/USA,2065-01,299000,dcid:Count_BirthEvent_LiveBirth,P1M
dcid:country/USA,2065-02,299000,dcid:Count_BirthEvent_LiveBirth,P1M
dcid:country/USA,2065-03,299000,dcid:Count_BirthEvent_LiveBirth,P1M
dcid:country/USA,2065-04,299000,dcid:Count_BirthEvent_LiveBirth,P1M
dcid:country/USA,2065-05,299000,dcid:Count_BirthEvent_LiveBirth,P1M
dcid:country/USA,2065-06,299000,dcid:Count_BirthEvent_LiveBirth,P1M
dcid:country/USA,2065-07,299000,dcid:Count_BirthEvent_LiveBirth,P1M
dcid:country/USA,2065-08,299000,dcid:Count_BirthEvent_LiveBirth,P1M
dcid:country/USA,2065-09,299000,dcid:Count_BirthEvent_LiveBirth,P1M
dcid:country/USA,2065-10,299000,dcid:Count_BirthEvent_LiveBirth,P1M
dcid:country/USA,2065-11,299000,dcid:Count_BirthEvent_LiveBirth,P1M
dcid:country/USA,2065-12,299000,dcid:Count_BirthEvent_LiveBirth,P1M
dcid:country/USA,2066-01,299000,dcid:Count_BirthEvent_LiveBirth,P1M
dcid:country/USA,2066-02,299000,dcid:Count_BirthEvent_LiveBirth,P1M
dcid:country/USA,2066-03,299000,dcid:Count_BirthEvent_LiveBirth,P1M
dcid:country/USA,2066-04,299000,dcid:Count_BirthEvent_LiveBirth,P1M
dcid:country/USA,2066-05,299000,dcid:Count_BirthEvent_LiveBirth,P1M
dcid:country/USA,2066-06,299000,dcid:Count_BirthEvent_LiveBirth,P1M
dcid:country/USA,2066-07,299000,dcid:Count_BirthEvent_LiveBirth,P1M
dcid:country/USA,2066-08,299000,dcid:Count_BirthEvent_LiveBirth,P1M
dcid:country/USA,2066-09,299000,dcid:Count_BirthEvent_LiveBirth,P1M
dcid:country/USA,2066-10,299000,dcid:Count_BirthEvent_LiveBirth,P1M
dcid:country/USA,2066-11,299000,dcid:Count_BirthEvent_LiveBirth,P1M
dcid:country/USA,2066-12,299000,dcid:Count_BirthEvent_LiveBirth,P1M
dcid:country/USA,2067-01,299000,dcid:Count_BirthEvent_LiveBirth,P1M
dcid:country/USA,2067-02,299000,dcid:Count_BirthEvent_LiveBirth,P1M
dcid:country/USA,2067-03,299000,dcid:Count_BirthEvent_LiveBirth,P1M
dcid:country/USA,2067-04,299000,dcid:Count_BirthEvent_LiveBirth,P1M
dcid:country/USA,2067-05,299000,dcid:Count_BirthEvent_LiveBirth,P1M
dcid:country/USA,2067-06,299000,dcid:Count_BirthEvent_LiveBirth,P1M
dcid:country/USA,2067-07,299000,dcid:Count_BirthEvent_LiveBirth,P1M
dcid:country/USA,2067-08,299000,dcid:Count_BirthEvent_LiveBirth,P1M
dcid:country/USA,2067-09,299000,dcid:Count_BirthEvent_LiveBirth,P1M
dcid:country/USA,2067-10,299000,dcid:Count_BirthEvent_LiveBirth,P1M
dcid:country/USA,2067-11,299000,dcid:Count_BirthEvent_LiveBirth,P1M
dcid:country/USA,2067-12,299000,dcid:Count_BirthEvent_LiveBirth,P1M
dcid:country/USA,2068-01,299000,dcid:Count_BirthEvent_LiveBirth,P1M
dcid:country/USA,2068-02,299000,dcid:Count_BirthEvent_LiveBirth,P1M
dcid:country/USA,2068-03,299000,dcid:Count_BirthEvent_LiveBirth,P1M
dcid:country/USA,2068-04,299000,dcid:Count_BirthEvent_LiveBirth,P1M
dcid:country/USA,2068-05,299000,dcid:Count_BirthEvent_LiveBirth,P1M
dcid:country/USA,2068-06,299000,dcid:Count_BirthEvent_LiveBirth,P1M
dcid:country/USA,2068-07,299000,dcid:Count_BirthEvent_LiveBirth,P1M
dcid:country/USA,2068-08,299000,dcid:Count_BirthEvent_LiveBirth,P1M
dcid:country/USA,2068-09,299000,dcid:Count_BirthEvent_LiveBirth,P1M
dcid:country/USA,2068-10,299000,dcid:Count_BirthEvent_LiveBirth,P1M
dcid:country/USA,2068-11,299000,dcid:Count_BirthEvent_LiveBirth,P1M
dcid:country/USA,2068-12,299000,dcid:Count_BirthEvent_LiveBirth,P1M
dcid:country/USA,2069-01,299000,dcid:Count_BirthEvent_LiveBirth,P1M
dcid:country/USA,2069-02,299000,dcid:Count_BirthEvent_LiveBirth,P1M
dcid:country/USA,2069-03,299000,dcid:Count_BirthEvent_LiveBirth,P1M
dcid:country/USA,2069-04,299000,dcid:Count_BirthEvent_LiveBirth,P1M
dcid:country/USA,2069-05,299000,dcid:Count_BirthEvent_LiveBirth,P1M
dcid:country/USA,2069-06,299000,dcid:Count_BirthEvent_LiveBirth,P1M
dcid:country/USA,2069-07,299000,dcid:Count_BirthEvent_LiveBirth,P1M
dcid:country/USA,2069-08,299000,dcid:Count_BirthEvent_LiveBirth,P1M
dcid:country/USA,2069-09,299000,dcid:Count_BirthEvent_LiveBirth,P1M
dcid:country/USA,2069-10,299000,dcid:Count_BirthEvent_LiveBirth,P1M
dcid:country/USA,2069-11,299000,dcid:Count_BirthEvent_LiveBirth,P1M
dcid:country/USA,2069-12,299000,dcid:Count_BirthEvent_LiveBirth,P1M
dcid:country/USA,2070-01,299000,dcid:Count_BirthEvent_LiveBirth,P1M
dcid:country/USA,2070-02,299000,dcid:Count_BirthEvent_LiveBirth,P1M
dcid:country/USA,2070-03,299000,dcid:Count_BirthEvent_LiveBirth,P1M
dcid:country/USA,2070-04,299000,dcid:Count_BirthEvent_LiveBirth,P1M
dcid:country/USA,2070-05,299000,dcid:Count_BirthEvent_LiveBirth,P1M
dcid:country/USA,2070-06,299000,dcid:Count_BirthEvent_LiveBirth,P1M
dcid:country/USA,2070-07,299000,dcid:Count_BirthEvent_LiveBirth,P1M
dcid:country/USA,2070-08,299000,dcid:Count_BirthEvent_LiveBirth,P1M
dcid:country/USA,2070-09,299000,dcid:Count_BirthEvent_LiveBirth,P1M
dcid:country/USA,2070-10,299000,dcid:Count_BirthEvent_LiveBirth,P1M
dcid:country/USA,2070-11,299000,dcid:Count_BirthEvent_LiveBirth,P1M
dcid:country/USA,2070-12,299000,dcid:Count_BirthEvent_LiveBirth,P1M
dcid:country/USA,2071-01,299000,dcid:Count_BirthEvent_LiveBirth,P1M
dcid:country/USA,2071-02,299000,dcid:Count_BirthEvent_LiveBirth,P1M
dcid:country/USA,2071-03,299000,dcid:Count_BirthEvent_LiveBirth,P1M
dcid:country/USA,2071-04,299000,dcid:Count_BirthEvent_LiveBirth,P1M
dcid:country/USA,2071-05,299000,dcid:Count_BirthEvent_LiveBirth,P1M
dcid:country/USA,2071-06,299000,dcid:Count_BirthEvent_LiveBirth,P1M
dcid:country/USA,2071-07,299000,dcid:Count_BirthEvent_LiveBirth,P1M
dcid:country/USA,2071-08,299000,dcid:Count_BirthEvent_LiveBirth,P1M
dcid:country/USA,2071-09,299000,dcid:Count_BirthEvent_LiveBirth,P1M
dcid:country/USA,2071-10,299000,dcid:Count_BirthEvent_LiveBirth,P1M
dcid:country/USA,2071-11,299000,dcid:Count_BirthEvent_LiveBirth,P1M
dcid:country/USA,2071-12,299000,dcid:Count_BirthEvent_LiveBirth,P1M
dcid:country/USA,2072-01,299000,dcid:Count_BirthEvent_LiveBirth,P1M
dcid:country/USA,2072-02,299000,dcid:Count_BirthEvent_LiveBirth,P1M
dcid:country/USA,2072-03,299000,dcid:Count_BirthEvent_LiveBirth,P1M
dcid:country/USA,2072-04,299000,dcid:Count_BirthEvent_LiveBirth,P1M
dcid:country/USA,2072-05,299000,dcid:Count_BirthEvent_LiveBirth,P1M
dcid:country/USA,2072-06,299000,dcid:Count_BirthEvent_LiveBirth,P1M
dcid:country/USA,2072-07,299000,dcid:Count_BirthEvent_LiveBirth,P1M
dcid:country/USA,2072-08,299000,dcid:Count_BirthEvent_LiveBirth,P1M
dcid:country/USA,2072-09,299000,dcid:Count_BirthEvent_LiveBirth,P1M
dcid:country/USA,2072-10,299000,dcid:Count_BirthEvent_LiveBirth,P1M
dcid:country/USA,2072-11,299000,dcid:Count_BirthEvent_LiveBirth,P1M
dcid:country/USA,2072-12,299000,dcid:Count_BirthEvent_LiveBirth,P1M
dcid:country/USA,2073-01,299000,dcid:Count_BirthEvent_LiveBirth,P1M
dcid:country/USA,2073-02,299000,dcid:Count_BirthEvent_LiveBirth,P1M
dcid:country/USA,2073-03,299000,dcid:Count_BirthEvent_LiveBirth,P1M
dcid:country/USA,2073-04,299000,dcid:Count_BirthEvent_LiveBirth,P1M
dcid:country/USA,2073-05,299000,dcid:Count_BirthEvent_LiveBirth,P1M
dcid:country/USA,2073-06,299000,dcid:Count_BirthEvent_LiveBirth,P1M
dcid:country/USA,2073-07,299000,dcid:Count_BirthEvent_LiveBirth,P1M
dcid:country/USA,2073-08,299000,dcid:Count_BirthEvent_LiveBirth,P1M
dcid:country/USA,2073-09,299000,dcid:Count_BirthEvent_LiveBirth,P1M
dcid:country/USA,2073-10,299000,dcid:Count_BirthEvent_LiveBirth,P1M
dcid:country/USA,2073-11,299000,dcid:Count_BirthEvent_LiveBirth,P1M
dcid:country/USA,2073-12,299000,dcid:Count_BirthEvent_LiveBirth,P1M
dcid:country/USA,2074-01,299000,dcid:Count_BirthEvent_LiveBirth,P1M
dcid:country/USA,2074-02,299000,dcid:Count_BirthEvent_LiveBirth,P1M
dcid:country/USA,2074-03,299000,dcid:Count_BirthEvent_LiveBirth,P1M
dcid:country/USA,2074-04,299000,dcid:Count_BirthEvent_LiveBirth,P1M
dcid:country/USA,2074-05,299000,dcid:Count_BirthEvent_LiveBirth,P1M
dcid:country/USA,2074-06,299000,dcid:Count_BirthEvent_LiveBirth,P1M
dcid:country/USA,2074-07,299000,dcid:Count_BirthEvent_LiveBirth,P1M
dcid:country/USA,2074-08,299000,dcid:Count_BirthEvent_LiveBirth,P1M
dcid:country/USA,2074-09,299000,dcid:Count_BirthEvent_LiveBirth,P1M
dcid:country/USA,2074-10,299000,dcid:Count_BirthEvent_LiveBirth,P1M
dcid:country/USA,2074-11,299000,dcid:Count_BirthEvent_LiveBirth,P1M
dcid:country/USA,2074-12,299000,dcid:Count_BirthEvent_LiveBirth,P1M
dcid:country/USA,2075-01,299000,dcid:Count_BirthEvent_LiveBirth,P1M
dcid:country/USA,2075-02,299000,dcid:Count_BirthEvent_LiveBirth,P1M
dcid:country/USA,2075-03,299000,dcid:Count_BirthEvent_LiveBirth,P1M
dcid:country/USA,2075-04,299000,dcid:Count_BirthEvent_LiveBirth,P1M
dcid:country/USA,2075-05,299000,dcid:Count_BirthEvent_LiveBirth,P1M
dcid:country/USA,2075-06,299000,dcid:Count_BirthEvent_LiveBirth,P1M
dcid:country/USA,2075-07,299000,dcid:Count_BirthEvent_LiveBirth,P1M
dcid:country/USA,2075-08,299000,dcid:Count_BirthEvent_LiveBirth,P1M
dcid:country/USA,2075-09,299000,dcid:Count_BirthEvent_LiveBirth,P1M
dcid:country/USA,2075-10,299000,dcid:Count_BirthEvent_LiveBirth,P1M
dcid:country/USA,2075-11,299000,dcid:Count_BirthEvent_LiveBirth,P1M
dcid:country/USA,2075-12,299000,dcid:Count_BirthEvent_LiveBirth,P1M
dcid:country/USA,2076-01,299000,dcid:Count_BirthEvent_LiveBirth,P1M
dcid:country/USA,2076-02,299000,dcid:Count_BirthEvent_LiveBirth,P1M
dcid:country/USA,2076-03,299000,dcid:Count_BirthEvent_LiveBirth,P1M
dcid:country/USA,2076-04,299000,dcid:Count_BirthEvent_LiveBirth,P1M
dcid:country/USA,2076-05,299000,dcid:Count_BirthEvent_LiveBirth,P1M
dcid:country/USA,2076-06,299000,dcid:Count_BirthEvent_LiveBirth,P1M
dcid:country/USA,2076-07,299000,dcid:Count_BirthEvent_LiveBirth,P1M
dcid:country/USA,2076-08,299000,dcid:Count_BirthEvent_LiveBirth,P1M
dcid:country/USA,2076-09,299000,dcid:Count_BirthEvent_LiveBirth,P1M
dcid:country/USA,2076-10,299000,dcid:Count_BirthEvent_LiveBirth,P1M
dcid:country/USA,2076-11,299000,dcid:Count_BirthEvent_LiveBirth,P1M
dcid:country/USA,2076-12,299000,dcid:Count_BirthEvent_LiveBirth,P1M
dcid:country/USA,2077-01,299000,dcid:Count_BirthEvent_LiveBirth,P1M
dcid:country/USA,2077-02,299000,dcid:Count_BirthEvent_LiveBirth,P1M
dcid:country/USA,2077-03,299000,dcid:Count_BirthEvent_LiveBirth,P1M
dcid:country/USA,2077-04,299000,dcid:Count_BirthEvent_LiveBirth,P1M
dcid:country/USA,2077-05,299000,dcid:Count_BirthEvent_LiveBirth,P1M
dcid:country/USA,2077-06,299000,dcid:Count_BirthEvent_LiveBirth,P1M
dcid:country/USA,2077-07,299000,dcid:Count_BirthEvent_LiveBirth,P1M
dcid:country/USA,2077-08,299000,dcid:Count_BirthEvent_LiveBirth,P1M
dcid:country/USA,2077-09,299000,dcid:Count_BirthEvent_LiveBirth,P1M
dcid:country/USA,2077-10,299000,dcid:Count_BirthEvent_LiveBirth,P1M
dcid:country/USA,2077-11,299000,dcid:Count_BirthEvent_LiveBirth,P1M
dcid:country/USA,2077-12,299000,dcid:Count_BirthEvent_LiveBirth,P1M
dcid:country/USA,2078-01,299000,dcid:Count_BirthEvent_LiveBirth,P1M
dcid:country/USA,2078-02,299000,dcid:Count_BirthEvent_LiveBirth,P1M
dcid:country/USA,2078-03,299000,dcid:Count_BirthEvent_LiveBirth,P1M
dcid:country/USA,2078-04,299000,dcid:Count_BirthEvent_LiveBirth,P1M
dcid:country/USA,2078-05,299000,dcid:Count_BirthEvent_LiveBirth,P1M
dcid:country/USA,2078-06,299000,dcid:Count_BirthEvent_LiveBirth,P1M
dcid:country/USA,2078-07,299000,dcid:Count_BirthEvent_LiveBirth,P1M
dcid:country/USA,2078-08,299000,dcid:Count_BirthEvent_LiveBirth,P1M
dcid:country/USA,2078-09,299000,dcid:Count_BirthEvent_LiveBirth,P1M
dcid:country/USA,2078-10,299000,dcid:Count_BirthEvent_LiveBirth,P1M
dcid:country/USA,2078-11,299000,dcid:Count_BirthEvent_LiveBirth,P1M
dcid:country/USA,2078-12,299000,dcid:Count_BirthEvent_LiveBirth,P1M
dcid:country/USA,2079-01,299000,dcid:Count_BirthEvent_LiveBirth,P1M
dcid:country/USA,2079-02,299000,dcid:Count_BirthEvent_LiveBirth,P1M
dcid:country/USA,2079-03,299000,dcid:Count_BirthEvent_LiveBirth,P1M
dcid:country/USA,2079-04,299000,dcid:Count_BirthEvent_LiveBirth,P1M
dcid:country/USA,2079-05,299000,dcid:Count_BirthEvent_LiveBirth,P1M
dcid:country/USA,2079-06,299000,dcid:Count_BirthEvent_LiveBirth,P1M
dcid:country/USA,2079-07,299000,dcid:Count_BirthEvent_LiveBirth,P1M
dcid:country/USA,2079-08,299000,dcid:Count_BirthEvent_LiveBirth,P1M
dcid:country/USA,2079-09,299000,dcid:Count_BirthEvent_LiveBirth,P1M
dcid:country/USA,2079-10,299000,dcid:Count_BirthEvent_LiveBirth,P1M
dcid:country/USA,2079-11,299000,dcid:Count_BirthEvent_LiveBirth,P1M
dcid:country/USA,2079-12,299000,dcid:Count_BirthEvent_LiveBirth,P1M
dcid:country/USA,2080-01,299000,dcid:Count_BirthEvent_LiveBirth,P1M
dcid:country/USA,2080-02,299000,dcid:Count_BirthEvent_LiveBirth,P1M
dcid:country/USA,2080-03,299000,dcid:Count_BirthEvent_LiveBirth,P1M
dcid:country/USA,2080-04,299000,dcid:Count_BirthEvent_LiveBirth,P1M
dcid:country/USA,2080-05,299000,dcid:Count_BirthEvent_LiveBirth,P1M
dcid:country/USA,2080-06,299000,dcid:Count_BirthEvent_LiveBirth,P1M
dcid:country/USA,2080-07,299000,dcid:Count_BirthEvent_LiveBirth,P1M
dcid:country/USA,2080-08,299000,dcid:Count_BirthEvent_LiveBirth,P1M
dcid:country/USA,2080-09,299000,dcid:Count_BirthEvent_LiveBirth,P1M
dcid:country/USA,2080-10,299000,dcid:Count_BirthEvent_LiveBirth,P1M
dcid:country/USA,2080-11,299000,dcid:Count_BirthEvent_LiveBirth,P1M
dcid:country/USA,2080-12,299000,dcid:Count_BirthEvent_LiveBirth,P1M
dcid:country/USA,2081-01,299000,dcid:Count_BirthEvent_LiveBirth,P1M
dcid:country/USA,2081-02,299000,dcid:Count_BirthEvent_LiveBirth,P1M
dcid:country/USA,2081-03,299000,dcid:Count_BirthEvent_LiveBirth,P1M
dcid:country/USA,2081-04,299000,dcid:Count_BirthEvent_LiveBirth,P1M
dcid:country/USA,2081-05,299000,dcid:Count_BirthEvent_LiveBirth,P1M
dcid:country/USA,2081-06,299000,dcid:Count_BirthEvent_LiveBirth,P1M
dcid:country/USA,2081-07,299000,dcid:Count_BirthEvent_LiveBirth,P1M
dcid:country/USA,2081-08,299000,dcid:Count_BirthEvent_LiveBirth,P1M
dcid:country/USA,2081-09,299000,dcid:Count_BirthEvent_LiveBirth,P1M
dcid:country/USA,2081-10,299000,dcid:Count_BirthEvent_LiveBirth,P1M
dcid:country/USA,2081-11,299000,dcid:Count_BirthEvent_LiveBirth,P1M
dcid:country/USA,2081-12,299000,dcid:Count_BirthEvent_LiveBirth,P1M
dcid:country/USA,2082-01,299000,dcid:Count_BirthEvent_LiveBirth,P1M
dcid:country/USA,2082-02,299000,dcid:Count_BirthEvent_LiveBirth,P1M
dcid:country/USA,2082-03,299000,dcid:Count_BirthEvent_LiveBirth,P1M
dcid:country/USA,2082-04,299000,dcid:Count_BirthEvent_LiveBirth,P1M
dcid:country/USA,2082-05,299000,dcid:Count_BirthEvent_LiveBirth,P1M
dcid:country/USA,2082-06,299000,dcid:Count_BirthEvent_LiveBirth,P1M
dcid:country/USA,2082-07,299000,dcid:Count_BirthEvent_LiveBirth,P1M
dcid:country/USA,2082-08,299000,dcid:Count_BirthEvent_LiveBirth,P1M
dcid:country/USA,2082-09,299000,dcid:Count_BirthEvent_LiveBirth,P1M
dcid:country/USA,2082-10,299000,dcid:Count_BirthEvent_LiveBirth,P1M
dcid:country/USA,2082-11,299000,dcid:Count_BirthEvent_LiveBirth,P1M
dcid:country/USA,2082-12,299000,dcid:Count_BirthEvent_LiveBirth,P1M
dcid:country/USA,2083-01,299000,dcid:Count_BirthEvent_LiveBirth,P1M
dcid:country/USA,2083-02,299000,dcid:Count_BirthEvent_LiveBirth,P1M
dcid:country/USA,2083-03,299000,dcid:Count_BirthEvent_LiveBirth,P1M
dcid:country/USA,2083-04,299000,dcid:Count_BirthEvent_LiveBirth,P1M
dcid:country/USA,2083-05,299000,dcid:Count_BirthEvent_LiveBirth,P1M
dcid:country/USA,2083-06,299000,dcid:Count_BirthEvent_LiveBirth,P1M
dcid:country/USA,2083-07,299000,dcid:Count_BirthEvent_LiveBirth,P1M
dcid:country/USA,2083-08,299000,dcid:Count_BirthEvent_LiveBirth,P1M
dcid:country/USA,2083-09,299000,dcid:Count_BirthEvent_LiveBirth,P1M
dcid:country/USA,2083-10,299000,dcid:Count_BirthEvent_LiveBirth,P1M
dcid:country/USA,2083-11,299000,dcid:Count_BirthEvent_LiveBirth,P1M
dcid:country/USA,2083-12,299000,dcid:Count_BirthEvent_LiveBirth,P1M
dcid:country/USA,2084-01,299000,dcid:Count_BirthEvent_LiveBirth,P1M
dcid:country/USA,2084-02,299000,dcid:Count_BirthEvent_LiveBirth,P1M
dcid:country/USA,2084-03,299000,dcid:Count_BirthEvent_LiveBirth,P1M
dcid:country/USA,2084-04,299000,dcid:Count_BirthEvent_LiveBirth,P1M
dcid:country/USA,2084-05,299000,dcid:Count_BirthEvent_LiveBirth,P1M
dcid:country/USA,2084-06,299000,dcid:Count_BirthEvent_LiveBirth,P1M
dcid:country/USA,2084-07,299000,dcid:Count_BirthEvent_LiveBirth,P1M
dcid:country/USA,2084-08,299000,dcid:Count_BirthEvent_LiveBirth,P1M
dcid:country/USA,2084-09,299000,dcid:Count_BirthEvent_LiveBirth,P1M
dcid:country/USA,2084-10,299000,dcid:Count_BirthEvent_LiveBirth,P1M
dcid:country/USA,2084-11,299000,dcid:Count_BirthEvent_LiveBirth,P1M
dcid:country/USA,2084-12,299000,dcid:Count_BirthEvent_LiveBirth,P1M
dcid:country/USA,2085-01,299000,dcid:Count_BirthEvent_LiveBirth,P1M
dcid:country/USA,2085-02,299000,dcid:Count_BirthEvent_LiveBirth,P1M
dcid:country/USA,2085-03,299000,dcid:Count_BirthEvent_LiveBirth,P1M
dcid:country/USA,2085-04,299000,dcid:Count_BirthEvent_LiveBirth,P1M
dcid:country/USA,2085-05,299000,dcid:Count_BirthEvent_LiveBirth,P1M
dcid:country/USA,2085-06,299000,dcid:Count_BirthEvent_LiveBirth,P1M
dcid:country/USA,2085-07,299000,dcid:Count_BirthEvent_LiveBirth,P1M
dcid:country/USA,2085-08,299000,dcid:Count_BirthEvent_LiveBirth,P1M
dcid:country/USA,2085-09,299000,dcid:Count_BirthEvent_LiveBirth,P1M
dcid:country/USA,2085-10,299000,dcid:Count_BirthEvent_LiveBirth,P1M
dcid:country/USA,2085-11,299000,dcid:Count_BirthEvent_LiveBirth,P1M
dcid:country/USA,2085-12,299000,dcid:Count_BirthEvent_LiveBirth,P1M
dcid:country/USA,2086-01,299000,dcid:Count_BirthEvent_LiveBirth,P1M
dcid:country/USA,2086-02,299000,dcid:Count_BirthEvent_LiveBirth,P1M
dcid:country/USA,2086-03,299000,dcid:Count_BirthEvent_LiveBirth,P1M
dcid:country/USA,2086-04,299000,dcid:Count_BirthEvent_LiveBirth,P1M
dcid:country/USA,2086-05,299000,dcid:Count_BirthEvent_LiveBirth,P1M
dcid:country/USA,2086-06,299000,dcid:Count_BirthEvent_LiveBirth,P1M
dcid:country/USA,2086-07,299000,dcid:Count_BirthEvent_LiveBirth,P1M
dcid:country/USA,2086-08,299000,dcid:Count_BirthEvent_LiveBirth,P1M
dcid:country/USA,2086-09,299000,dcid:Count_BirthEvent_LiveBirth,P1M
dcid:country/USA,2086-10,299000,dcid:Count_BirthEvent_LiveBirth,P1M
dcid:country/USA,2086-11,299000,dcid:Count_BirthEvent_LiveBirth,P1M
dcid:country/USA,2086-12,299000,dcid:Count_BirthEvent_LiveBirth,P1M
dcid:country/USA,2087-01,299000,dcid:Count_BirthEvent_LiveBirth,P1M
dcid:country/USA,2087-02,299000,dcid:Count_BirthEvent_LiveBirth,P1M
dcid:country/USA,2087-03,299000,dcid:Count_BirthEvent_LiveBirth,P1M
dcid:country/USA,2087-04,299000,dcid:Count_BirthEvent_LiveBirth,P1M
dcid:country/USA,2087-05,299000,dcid:Count_BirthEvent_LiveBirth,P1M
dcid:country/USA,2087-06,299000,dcid:Count_BirthEvent_LiveBirth,P1M
dcid:country/USA,2087-07,299000,dcid:Count_BirthEvent_LiveBirth,P1M
dcid:country/USA,2087-08,299000,dcid:Count_BirthEvent_LiveBirth,P1M
dcid:country/USA,2087-09,299000,dcid:Count_BirthEvent_LiveBirth,P1M
dcid:country/USA,2087-10,299000,dcid:Count_BirthEvent_LiveBirth,P1M
dcid:country/USA,2087-11,299000,dcid:Count_BirthEvent_LiveBirth,P1M
dcid:country/USA,2087-12,299000,dcid:Count_BirthEvent_LiveBirth,P1M
dcid:country/USA,2088-01,299000,dcid:Count_BirthEvent_LiveBirth,P1M
dcid:country/USA,2088-02,299000,dcid:Count_BirthEvent_LiveBirth,P1M
dcid:country/USA,2088-03,299000,dcid:Count_BirthEvent_LiveBirth,P1M
dcid:country/USA,2088-04,299000,dcid:Count_BirthEvent_LiveBirth,P1M
dcid:country/USA,2088-05,299000,dcid:Count_BirthEvent_LiveBirth,P1M
dcid:country/USA,2088-06,299000,dcid:Count_BirthEvent_LiveBirth,P1M
dcid:country/USA,2088-07,299000,dcid:Count_BirthEvent_LiveBirth,P1M
dcid:country/USA,2088-08,299000,dcid:Count_BirthEvent_LiveBirth,P1M
dcid:country/USA,2088-09,299000,dcid:Count_BirthEvent_LiveBirth,P1M
dcid:country/USA,2088-10,299000,dcid:Count_BirthEvent_LiveBirth,P1M
dcid:country/USA,2088-11,299000,dcid:Count_BirthEvent_LiveBirth,P1M
dcid:country/USA,2088-12,299000,dcid:Count_BirthEvent_LiveBirth,P1M
dcid:country/USA,2089-01,299000,dcid:Count_BirthEvent_LiveBirth,P1M
dcid:country/USA,2089-02,299000,dcid:Count_BirthEvent_LiveBirth,P1M
dcid:country/USA,2089-03,299000,dcid:Count_BirthEvent_LiveBirth,P1M
dcid:country/USA,2089-04,299000,dcid:Count_BirthEvent_LiveBirth,P1M
dcid:country/USA,2089-05,299000,dcid:Count_BirthEvent_LiveBirth,P1M
dcid:country/USA,2089-06,299000,dcid:Count_BirthEvent_LiveBirth,P1M
dcid:country/USA,2089-07,299000,dcid:Count_BirthEvent_LiveBirth,P1M
dcid:country/USA,2089-08,299000,dcid:Count_BirthEvent_LiveBirth,P1M
dcid:country/USA,2089-09,299000,dcid:Count_BirthEvent_LiveBirth,P1M
dcid:country/USA,2089-10,299000,dcid:Count_BirthEvent_LiveBirth,P1M
dcid:country/USA,2089-11,299000,dcid:Count_BirthEvent_LiveBirth,P1M
dcid:country/USA,2089-12,299000,dcid:Count_BirthEvent_LiveBirth,P1M
dcid:country/USA,2090-01,299000,dcid:Count_BirthEvent_LiveBirth,P1M
dcid:country/USA,2090-02,299000,dcid:Count_BirthEvent_LiveBirth,P1M
dcid:country/USA,2090-03,299000,dcid:Count_BirthEvent_LiveBirth,P1M
dcid:country/USA,2090-04,299000,dcid:Count_BirthEvent_LiveBirth,P1M
dcid:country/USA,2090-05,299000,dcid:Count_BirthEvent_LiveBirth,P1M
dcid:country/USA,2090-06,299000,dcid:Count_BirthEvent_LiveBirth,P1M
dcid:country/USA,2090-07,299000,dcid:Count_BirthEvent_LiveBirth,P1M
dcid:country/USA,2090-08,299000,dcid:Count_BirthEvent_LiveBirth,P1M
dcid:country/USA,2090-09,299000,dcid:Count_BirthEvent_LiveBirth,P1M
dcid:country/USA,2090-10,299000,dcid:Count_BirthEvent_LiveBirth,P1M
dcid:country/USA,2090-11,299000,dcid:Count_BirthEvent_LiveBirth,P1M
dcid:country/USA,2090-12,299000,dcid:Count_BirthEvent_LiveBirth,P1M
dcid:country/USA,2091-01,299000,dcid:Count_BirthEvent_LiveBirth,P1M
dcid:country/USA,2091-02,299000,dcid:Count_BirthEvent_LiveBirth,P1M
dcid:country/USA,2091-03,299000,dcid:Count_BirthEvent_LiveBirth,P1M
dcid:country/USA,2091-04,299000,dcid:Count_BirthEvent_LiveBirth,P1M
dcid:country/USA,2091-05,299000,dcid:Count_BirthEvent_LiveBirth,P1M
dcid:country/USA,2091-06,299000,dcid:Count_BirthEvent_LiveBirth,P1M
dcid:country/USA,2091-07,299000,dcid:Count_BirthEvent_LiveBirth,P1M
dcid:country/USA,2091-08,299000,dcid:Count_BirthEvent_LiveBirth,P1M
dcid:country/USA,2091-09,299000,dcid:Count_BirthEvent_LiveBirth,P1M
dcid:country/USA,2091-10,299000,dcid:Count_BirthEvent_LiveBirth,P1M
dcid:country/USA,2091-11,299000,dcid:Count_BirthEvent_LiveBirth,P1M
dcid:country/USA,2091-12,299000,dcid:Count_BirthEvent_LiveBirth,P1M
dcid:country/USA,2092-01,299000,dcid:Count_BirthEvent_LiveBirth,P1M
dcid:country/USA,2092-02,299000,dcid:Count_BirthEvent_LiveBirth,P1M
dcid:country/USA,2092-03,299000,dcid:Count_BirthEvent_LiveBirth,P1M
dcid:country/USA,2092-04,299000,dcid:Count_BirthEvent_LiveBirth,P1M
dcid:country/USA,2092-05,299000,dcid:Count_BirthEvent_LiveBirth,P1M
dcid:country/USA,2092-06,299000,dcid:Count_BirthEvent_LiveBirth,P1M
dcid:country/USA,2092-07,299000,dcid:Count_BirthEvent_LiveBirth,P1M
dcid:country/USA,2092-08,299000,dcid:Count_BirthEvent_LiveBirth,P1M
dcid:country/USA,2092-09,299000,dcid:Count_BirthEvent_LiveBirth,P1M
dcid:country/USA,2092-10,299000,dcid:Count_BirthEvent_LiveBirth,P1M
dcid:country/USA,2092-11,299000,dcid:Count_BirthEvent_LiveBirth,P1M
dcid:country/USA,2092-12,299000,dcid:Count_BirthEvent_LiveBirth,P1M
dcid:country/USA,2093-01,299000,dcid:Count_BirthEvent_LiveBirth,P1M
dcid:country/USA,2093-02,299000,dcid:Count_BirthEvent_LiveBirth,P1M
dcid:country/USA,2093-03,299000,dcid:Count_BirthEvent_LiveBirth,P1M
dcid:country/USA,2093-04,299000,dcid:Count_BirthEvent_LiveBirth,P1M
dcid:country/USA,2093-05,299000,dcid:Count_BirthEvent_LiveBirth,P1M
dcid:country/USA,2093-06,299000,dcid:Count_BirthEvent_LiveBirth,P1M
dcid:country/USA,2093-07,299000,dcid:Count_BirthEvent_LiveBirth,P1M
dcid:country/USA,2093-08,299000,dcid:Count_BirthEvent_LiveBirth,P1M
dcid:country/USA,2093-09,299000,dcid:Count_BirthEvent_LiveBirth,P1M
dcid:country/USA,2093-10,299000,dcid:Count_BirthEvent_LiveBirth,P1M
dcid:country/USA,2093-11,299000,dcid:Count_BirthEvent_LiveBirth,P1M
dcid:country/USA,2093-12,299000,dcid:Count_BirthEvent_LiveBirth,P1M
dcid:country/USA,2094-01,299000,dcid:Count_BirthEvent_LiveBirth,P1M
dcid:country/USA,2094-02,299000,dcid:Count_BirthEvent_LiveBirth,P1M
dcid:country/USA,2094-03,299000,dcid:Count_BirthEvent_LiveBirth,P1M
dcid:country/USA,2094-04,299000,dcid:Count_BirthEvent_LiveBirth,P1M
dcid:country/USA,2094-05,299000,dcid:Count_BirthEvent_LiveBirth,P1M
dcid:country/USA,2094-06,299000,dcid:Count_BirthEvent_LiveBirth,P1M
dcid:country/USA,2094-07,299000,dcid:Count_BirthEvent_LiveBirth,P1M
dcid:country/USA,2094-08,299000,dcid:Count_BirthEvent_LiveBirth,P1M
dcid:country/USA,2094-09,299000,dcid:Count_BirthEvent_LiveBirth,P1M
dcid:country/USA,2094-10,299000,dcid:Count_BirthEvent_LiveBirth,P1M
dcid:country/USA,2094-11,299000,dcid:Count_BirthEvent_LiveBirth,P1M
dcid:country/USA,2094-12,299000,dcid:Count_BirthEvent_LiveBirth,P1M
dcid:country/USA,2095-01,299000,dcid:Count_BirthEvent_LiveBirth,P1M
dcid:country/USA,2095-02,299000,dcid:Count_BirthEvent_LiveBirth,P1M
dcid:country/USA,2095-03,299000,dcid:Count_BirthEvent_LiveBirth,P1M
dcid:country/USA,2095-04,299000,dcid:Count_BirthEvent_LiveBirth,P1M
dcid:country/USA,2095-05,299000,dcid:Count_BirthEvent_LiveBirth,P1M
dcid:country/USA,2095-06,299000,dcid:Count_BirthEvent_LiveBirth,P1M
dcid:country/USA,2095-07,299000,dcid:Count_BirthEvent_LiveBirth,P1M
dcid:country/USA,2095-08,299000,dcid:Count_BirthEvent_LiveBirth,P1M
dcid:country/USA,2095-09,299000,dcid:Count_BirthEvent_LiveBirth,P1M
dcid:country/USA,2095-10,299000,dcid:Count_BirthEvent_LiveBirth,P1M
dcid:country/USA,2095-11,299000,dcid:Count_BirthEvent_LiveBirth,P1M
dcid:country/USA,2095-12,299000,dcid:Count_BirthEvent_LiveBirth,P1M
dcid:country/USA,2096-01,299000,dcid:Count_BirthEvent_LiveBirth,P1M
dcid:country/USA,2096-02,299000,dcid:Count_BirthEvent_LiveBirth,P1M
dcid:country/USA,2096-03,299000,dcid:Count_BirthEvent_LiveBirth,P1M
dcid:country/USA,2096-04,299000,dcid:Count_BirthEvent_LiveBirth,P1M
dcid:country/USA,2096-05,299000,dcid:Count_BirthEvent_LiveBirth,P1M
dcid:country/USA,2096-06,299000,dcid:Count_BirthEvent_LiveBirth,P1M
dcid:country/USA,2096-07,299000,dcid:Count_BirthEvent_LiveBirth,P1M
dcid:country/USA,2096-08,299000,dcid:Count_BirthEvent_LiveBirth,P1M
dcid:country/USA,2096-09,299000,dcid:Count_BirthEvent_LiveBirth,P1M
dcid:country/USA,2096-10,299000,dcid:Count_BirthEvent_LiveBirth,P1M
dcid:country/USA,2096-11,299000,dcid:Count_BirthEvent_LiveBirth,P1M
dcid:country/USA,2096-12,299000,dcid:Count_BirthEvent_LiveBirth,P1M
dcid:country/USA,2097-01,299000,dcid:Count_BirthEvent_LiveBirth,P1M
dcid:country/USA,2097-02,299000,dcid:Count_BirthEvent_LiveBirth,P1M
dcid:country/USA,2097-03,299000,dcid:Count_BirthEvent_LiveBirth,P1M
dcid:country/USA,2097-04,299000,dcid:Count_BirthEvent_LiveBirth,P1M
dcid:country/USA,2097-05,299000,dcid:Count_BirthEvent_LiveBirth,P1M
dcid:country/USA,2097-06,299000,dcid:Count_BirthEvent_LiveBirth,P1M
dcid:country/USA,2097-07,299000,dcid:Count_BirthEvent_LiveBirth,P1M
dcid:country/USA,2097-08,299000,dcid:Count_BirthEvent_LiveBirth,P1M
dcid:country/USA,2097-09,299000,dcid:Count_BirthEvent_LiveBirth,P1M
dcid:country/USA,2097-10,299000,dcid:Count_BirthEvent_LiveBirth,P1M
dcid:country/USA,2097-11,299000,dcid:Count_BirthEvent_LiveBirth,P1M
dcid:country/USA,2097-12,299000,dcid:Count_BirthEvent_LiveBirth,P1M
dcid:country/USA,2098-01,299000,dcid:Count_BirthEvent_LiveBirth,P1M
dcid:country/USA,2098-02,299000,dcid:Count_BirthEvent_LiveBirth,P1M
dcid:country/USA,2098-03,299000,dcid:Count_BirthEvent_LiveBirth,P1M
dcid:country/USA,2098-04,299000,dcid:Count_BirthEvent_LiveBirth,P1M
dcid:country/USA,2098-05,299000,dcid:Count_BirthEvent_LiveBirth,P1M
dcid:country/USA,2098-06,299000,dcid:Count_BirthEvent_LiveBirth,P1M
dcid:country/USA,2098-07,299000,dcid:Count_BirthEvent_LiveBirth,P1M
dcid:country/USA,2098-08,299000,dcid:Count_BirthEvent_LiveBirth,P1M
dcid:country/USA,2098-09,299000,dcid:Count_BirthEvent_LiveBirth,P1M
dcid:country/USA,2098-10,299000,dcid:Count_BirthEvent_LiveBirth,P1M
dcid:country/USA,2098-11,299000,dcid:Count_BirthEvent_LiveBirth,P1M
dcid:country/USA,2098-12,299000,dcid:Count_BirthEvent_LiveBirth,P1M
dcid:country/USA,2099-01,299000,dcid:Count_BirthEvent_LiveBirth,P1M
dcid:country/USA,2099-02,299000,dcid:Count_BirthEvent_LiveBirth,P1M
dcid:country/USA,2099-03,299000,dcid:Count_BirthEvent_LiveBirth,P1M
dcid:country/USA,2099-04,299000,dcid:Count_BirthEvent_LiveBirth,P1M
dcid:country/USA,2099-05,299000,dcid:Count_BirthEvent_LiveBirth,P1M
dcid:country/USA,2099-06,299000,dcid:Count_BirthEvent_LiveBirth,P1M
dcid:country/USA,2099-07,299000,dcid:Count_BirthEvent_LiveBirth,P1M
dcid:country/USA,2099-08,299000,dcid:Count_BirthEvent_LiveBirth,P1M
dcid:country/USA,2099-09,299000,dcid:Count_BirthEvent_LiveBirth,P1M
dcid:country/USA,2099-10,299000,dcid:Count_BirthEvent_LiveBirth,P1M
dcid:country/USA,2099-11,299000,dcid:Count_BirthEvent_LiveBirth,P1M
dcid:country/USA,2099-12,299000,dcid:Count_BirthEvent_LiveBirth,P1M
dcid:country/USA,2100-01,299000,dcid:Count_BirthEvent_LiveBirth,P1M
dcid:country/USA,2100-02,299000,dcid:Count_BirthEvent_LiveBirth,P1M
dcid:country/USA,2100-03,299000,dcid:Count_BirthEvent_LiveBirth,P1M
dcid:country/USA,2100-04,299000,dcid:Count_BirthEvent_LiveBirth,P1M
dcid:country/USA,2100-05,299000,dcid:Count_BirthEvent_LiveBirth,P1M
dcid:country/USA,2100-06,299000,dcid:Count_BirthEvent_LiveBirth,P1M
dcid:country/USA,2100-07,299000,dcid:Count_BirthEvent_LiveBirth,P1M
dcid:country/USA,2100-08,299000,dcid:Count_BirthEvent_LiveBirth,P1M
dcid:country/USA,2100-09,299000,dcid:Count_BirthEvent_LiveBirth,P1M
dcid:country/USA,2100-10,299000,dcid:Count_BirthEvent_LiveBirth,P1M
dcid:country/USA,2100-11,299000,dcid:Count_BirthEvent_LiveBirth,P1M
dcid:country/USA,2100-12,299000,dcid:Count_BirthEvent_LiveBirth,P1M
dcid:country/USA,2101-01,299000,dcid:Count_BirthEvent_LiveBirth,P1M
dcid:country/USA,2101-02,299000,dcid:Count_BirthEvent_LiveBirth,P1M
dcid:country/USA,2101-03,299000,dcid:Count_BirthEvent_LiveBirth,P1M
dcid:country/USA,2101-04,299000,dcid:Count_BirthEvent_LiveBirth,P1M
dcid:country/USA,2101-05,299000,dcid:Count_BirthEvent_LiveBirth,P1M
dcid:country/USA,2101-06,299000,dcid:Count_BirthEvent_LiveBirth,P1M
dcid:country/USA,2101-07,299000,dcid:Count_BirthEvent_LiveBirth,P1M
dcid:country/USA,2101-08,299000,dcid:Count_BirthEvent_LiveBirth,P1M
dcid:country/USA,2101-09,299000,dcid:Count_BirthEvent_LiveBirth,P1M
dcid:country/USA,2101-10,299000,dcid:Count_BirthEvent_LiveBirth,P1M
dcid:country/USA,2101-11,299000,dcid:Count_BirthEvent_LiveBirth,P1M
dcid:country/USA,2101-12,299000,dcid:Count_BirthEvent_LiveBirth,P1M
dcid:country/USA,2102-01,299000,dcid:Count_BirthEvent_LiveBirth,P1M
dcid:country/USA,2102-02,299000,dcid:Count_BirthEvent_LiveBirth,P1M
dcid:country/USA,2102-03,299000,dcid:Count_BirthEvent_LiveBirth,P1M
dcid:country/USA,2102-04,299000,dcid:Count_BirthEvent_LiveBirth,P1M
dcid:country/USA,2102-05,299000,dcid:Count_BirthEvent_LiveBirth,P1M
dcid:country/USA,2102-06,299000,dcid:Count_BirthEvent_LiveBirth,P1M
dcid:country/USA,2102-07,299000,dcid:Count_BirthEvent_LiveBirth,P1M
dcid:country/USA,2102-08,299000,dcid:Count_BirthEvent_LiveBirth,P1M
dcid:country/USA,2102-09,299000,dcid:Count_BirthEvent_LiveBirth,P1M
dcid:country/USA,2102-10,299000,dcid:Count_BirthEvent_LiveBirth,P1M
dcid:country/USA,2102-11,299000,dcid:Count_BirthEvent_LiveBirth,P1M
dcid:country/USA,2102-12,299000,dcid:Count_BirthEvent_LiveBirth,P1M
dcid:country/USA,2103-01,299000,dcid:Count_BirthEvent_LiveBirth,P1M
dcid:country/USA,2103-02,299000,dcid:Count_BirthEvent_LiveBirth,P1M
dcid:country/USA,2103-03,299000,dcid:Count_BirthEvent_LiveBirth,P1M
dcid:country/USA,2103-04,299000,dcid:Count_BirthEvent_LiveBirth,P1M
dcid:country/USA,2103-05,299000,dcid:Count_BirthEvent_LiveBirth,P1M
dcid:country/USA,2103-06,299000,dcid:Count_BirthEvent_LiveBirth,P1M
dcid:country/USA,2103-07,299000,dcid:Count_BirthEvent_LiveBirth,P1M
dcid:country/USA,2103-08,299000,dcid:Count_BirthEvent_LiveBirth,P1M
dcid:country/USA,2103-09,299000,dcid:Count_BirthEvent_LiveBirth,P1M
dcid:country/USA,2103-10,299000,dcid:Count_BirthEvent_LiveBirth,P1M
dcid:country/USA,2103-11,299000,dcid:Count_BirthEvent_LiveBirth,P1M
dcid:country/USA,2103-12,299000,dcid:Count_BirthEvent_LiveBirth,P1M
dcid:country/USA,2104-01,299000,dcid:Count_BirthEvent_LiveBirth,P1M
dcid:country/USA,2104-02,299000,dcid:Count_BirthEvent_LiveBirth,P1M
dcid:country/USA,2104-03,299000,dcid:Count_BirthEvent_LiveBirth,P1M
dcid:country/USA,2104-04,299000,dcid:Count_BirthEvent_LiveBirth,P1M
dcid:country/USA,2104-05,299000,dcid:Count_BirthEvent_LiveBirth,P1M
dcid:country/USA,2104-06,299000,dcid:Count_BirthEvent_LiveBirth,P1M
dcid:country/USA,2104-07,299000,dcid:Count_BirthEvent_LiveBirth,P1M
dcid:country/USA,2104-08,299000,dcid:Count_BirthEvent_LiveBirth,P1M
dcid:country/USA,2104-09,299000,dcid:Count_BirthEvent_LiveBirth,P1M
dcid:country/USA,2104-10,299000,dcid:Count_BirthEvent_LiveBirth,P1M
dcid:country/USA,2104-11,299000,dcid:Count_BirthEvent_LiveBirth,P1M
dcid:country/USA,2104-12,299000,dcid:Count_BirthEvent_LiveBirth,P1M
dcid:country/USA,2105-01,299000,dcid:Count_BirthEvent_LiveBirth,P1M
dcid:country/USA,2105-02,299000,dcid:Count_BirthEvent_LiveBirth,P1M
dcid:country/USA,2105-03,299000,dcid:Count_BirthEvent_LiveBirth,P1M
dcid:country/USA,2105-04,299000,dcid:Count_BirthEvent_LiveBirth,P1M
dcid:country/USA,2105-05,299000,dcid:Count_BirthEvent_LiveBirth,P1M
dcid:country/USA,2105-06,299000,dcid:Count_BirthEvent_LiveBirth,P1M
dcid:country/USA,2105-07,299000,dcid:Count_BirthEvent_LiveBirth,P1M
dcid:country/USA,2105-08,299000,dcid:Count_BirthEvent_LiveBirth,P1M
dcid:country/USA,2105-09,299000,dcid:Count_BirthEvent_LiveBirth,P1M
dcid:country/USA,2105-10,299000,dcid:Count_BirthEvent_LiveBirth,P1M
dcid:country/USA,2105-11,299000,dcid:Count_BirthEvent_LiveBirth,P1M
dcid:country/USA,2105-12,299000,dcid:Count_BirthEvent_LiveBirth,P1M
dcid:country/USA,2106-01,299000,dcid:Count_BirthEvent_LiveBirth,P1M
dcid:country/USA,2106-02,299000,dcid:Count_BirthEvent_LiveBirth,P1M
dcid:country/USA,2106-03,299000,dcid:Count_BirthEvent_LiveBirth,P1M
dcid:country/USA,2106-04,299000,dcid:Count_BirthEvent_LiveBirth,P1M
dcid:country/USA,2106-05,299000,dcid:Count_BirthEvent_LiveBirth,P1M
